{"cameraMode":{"drawMode":0,"name":"Shaded","section":"Shading Mode"},"sceneLighting":true,"audioPlay":false,"sceneViewState":{"showFog":true,"showMaterialUpdate":false,"showSkybox":true,"showFlares":true,"showImageEffects":true,"showParticleSystems":true},"in2DMode":false,"pivot":{"x":0.5277283787727356,"y":3.0506606101989748,"z":1.2814828157424927},"rotation":{"x":-0.28164932131767275,"y":0.10822397470474243,"z":-0.03198682516813278,"w":-0.952863872051239},"size":1.98895263671875,"orthographic":false}