{"cameraMode":{"drawMode":0,"name":"Shaded","section":"Shading Mode"},"sceneLighting":false,"audioPlay":false,"sceneViewState":{"showFog":true,"showMaterialUpdate":false,"showSkybox":false,"showFlares":true,"showImageEffects":true,"showParticleSystems":true},"in2DMode":false,"pivot":{"x":2.21290922164917,"y":7.936808109283447,"z":8.561317443847657},"rotation":{"x":-0.018116047605872155,"y":0.9732792377471924,"z":0.08253667503595352,"w":0.21354034543037415},"size":23.42032241821289,"orthographic":false}